Designator,Mid X,Mid Y,Layer,Rotation,Ref-X(mm),Ref-Y(mm)
D1,-86.725mm,56.125000mm,Bottom,-90.0,-86.725mm,56.125000mm
D2,-84.225mm,56.125000mm,Bottom,-90.0,-84.225mm,56.125000mm
D3,-78.725mm,56.125000mm,Bottom,-90.0,-78.725mm,56.125000mm
D4,-76.225mm,56.275000mm,Bottom,-90.0,-76.225mm,56.275000mm
F5,-77.725mm,52.775000mm,Bottom,0.0,-77.725mm,52.775000mm
F6,-86.225mm,52.775000mm,Bottom,0.0,-86.225mm,52.775000mm
F7,-94.225mm,52.775000mm,Bottom,0.0,-94.225mm,52.775000mm
F8,-102.725mm,52.775000mm,Bottom,0.0,-102.725mm,52.775000mm
F9,-110.725mm,52.775000mm,Bottom,0.0,-110.725mm,52.775000mm
F10,-118.725mm,52.775000mm,Bottom,0.0,-118.725mm,52.775000mm
R2,-126.225mm,42.775000mm,Bottom,180.0,-126.225mm,42.775000mm
R3,-126.225mm,44.275000mm,Bottom,0.0,-126.225mm,44.275000mm
R13,-110.225mm,60.275000mm,Bottom,-90.0,-110.225mm,60.275000mm
R14,-107.225mm,60.275000mm,Bottom,-90.0,-107.225mm,60.275000mm
R16,-84.725mm,60.275000mm,Bottom,-90.0,-84.725mm,60.275000mm
R17,-77.725mm,50.775000mm,Bottom,180.0,-77.725mm,50.775000mm
R18,-86.225mm,50.775000mm,Bottom,180.0,-86.225mm,50.775000mm
R19,-94.225mm,50.775000mm,Bottom,180.0,-94.225mm,50.775000mm
R20,-78.225mm,45.812500mm,Bottom,-90.0,-78.225mm,45.812500mm
R21,-86.225mm,45.737500mm,Bottom,-90.0,-86.225mm,45.737500mm
R22,-94.225mm,45.775000mm,Bottom,-90.0,-94.225mm,45.775000mm
R23,-102.725mm,50.775000mm,Bottom,180.0,-102.725mm,50.775000mm
R24,-110.725mm,50.775000mm,Bottom,180.0,-110.725mm,50.775000mm
R25,-118.725mm,50.775000mm,Bottom,180.0,-118.725mm,50.775000mm
R26,-102.725mm,45.775000mm,Bottom,-90.0,-102.725mm,45.775000mm
R27,-110.725mm,45.775000mm,Bottom,-90.0,-110.725mm,45.775000mm
R28,-118.92mm,45.775000mm,Bottom,-90.0,-118.92mm,45.775000mm
R29,-102.725mm,60.275000mm,Bottom,-90.0,-102.725mm,60.275000mm
R30,-96.725mm,60.275000mm,Bottom,-90.0,-96.725mm,60.275000mm
R31,-90.725mm,60.275000mm,Bottom,-90.0,-90.725mm,60.275000mm
R32,-99.725mm,60.275000mm,Bottom,-90.0,-99.725mm,60.275000mm
R33,-93.725mm,60.275000mm,Bottom,-90.0,-93.725mm,60.275000mm
R34,-87.725mm,60.275000mm,Bottom,-90.0,-87.725mm,60.275000mm
R35,-105.725mm,60.275000mm,Bottom,-90.0,-105.725mm,60.275000mm
R36,-108.725mm,60.275000mm,Bottom,-90.0,-108.725mm,60.275000mm
R37,-78.725mm,60.275000mm,Bottom,-90.0,-78.725mm,60.275000mm
R38,-81.725mm,60.275000mm,Bottom,-90.0,-81.725mm,60.275000mm
R39,-75.725mm,60.275000mm,Bottom,-90.0,-75.725mm,60.275000mm
R40,-139.225mm,92.775000mm,Bottom,-90.0,-139.225mm,92.775000mm
R41,-136.225mm,92.775000mm,Bottom,-90.0,-136.225mm,92.775000mm
R42,-80.225mm,60.275000mm,Bottom,-90.0,-80.225mm,60.275000mm
R43,-77.225mm,60.275000mm,Bottom,-90.0,-77.225mm,60.275000mm
R44,-86.225mm,60.275000mm,Bottom,-90.0,-86.225mm,60.275000mm
R45,-83.225mm,60.275000mm,Bottom,-90.0,-83.225mm,60.275000mm
R46,-104.225mm,60.275000mm,Bottom,-90.0,-104.225mm,60.275000mm
R47,-101.225mm,60.275000mm,Bottom,-90.0,-101.225mm,60.275000mm
R48,-98.225mm,60.275000mm,Bottom,-90.0,-98.225mm,60.275000mm
R49,-95.225mm,60.275000mm,Bottom,-90.0,-95.225mm,60.275000mm
R50,-92.225mm,60.275000mm,Bottom,-90.0,-92.225mm,60.275000mm
R51,-89.225mm,60.275000mm,Bottom,-90.0,-89.225mm,60.275000mm
R52,-140.725mm,92.775000mm,Bottom,-90.0,-140.725mm,92.775000mm
R53,-137.725mm,92.775000mm,Bottom,-90.0,-137.725mm,92.775000mm
C28,123.934999mm,46.275000mm,Top,180.0,123.934999mm,46.275000mm
C29,126.225000mm,53.775000mm,Top,0.0,126.225000mm,53.775000mm
C30,126.015001mm,47.275000mm,Top,0.0,126.015001mm,47.275000mm
C31,127.225000mm,57.775000mm,Top,-90.0,127.225000mm,57.775000mm
C32,128.725000mm,57.775000mm,Top,-90.0,128.725000mm,57.775000mm
D5,9.725000mm,33.775000mm,Top,-90.0,9.725000mm,33.775000mm
D6,126.225000mm,50.775000mm,Top,270.0,126.225000mm,50.775000mm
F1,131.225000mm,44.275000mm,Top,90.0,131.225000mm,44.275000mm
F2,128.725000mm,44.275000mm,Top,90.0,128.725000mm,44.275000mm
F3,46.225000mm,65.775000mm,Top,0.0,46.225000mm,65.775000mm
J21,126.725000mm,102.425000mm,Top,180.0,126.725000mm,102.425000mm
J22,110.225000mm,100.425000mm,Top,-90.0,110.225000mm,100.425000mm
L1,125.725000mm,42.775000mm,Top,90.0,125.725000mm,42.775000mm
L2,123.725000mm,42.775000mm,Top,90.0,123.725000mm,42.775000mm
M1,128.224998mm,88.875003mm,Top,180.0,128.224998mm,88.875003mm
M2,43.700000mm,41.249999mm,Top,0.0,43.700000mm,41.249999mm
M3,74.000000mm,41.300000mm,Top,90.0,74.000000mm,41.300000mm
M4,63.825000mm,41.112500mm,Top,90.0,63.825000mm,41.112500mm
M5,25.300000mm,68.500000mm,Top,-90.0,25.300000mm,68.500000mm
M6,72.349995mm,68.899995mm,Top,0.0,72.349995mm,68.899995mm
M7,126.287498mm,97.193337mm,Top,180.0,126.287498mm,97.193337mm
M8,40.850000mm,60.550000mm,Top,-90.0,40.850000mm,60.550000mm
P1,12.923000mm,75.882000mm,Top,0.0,12.923000mm,75.882000mm
Q1,77.945000mm,46.710000mm,Top,90.0,77.945000mm,46.710000mm
Q2,86.140000mm,46.710000mm,Top,90.0,86.140000mm,46.710000mm
Q3,94.335000mm,46.710000mm,Top,90.0,94.335000mm,46.710000mm
Q4,102.530000mm,46.710000mm,Top,90.0,102.530000mm,46.710000mm
Q5,110.725000mm,46.710000mm,Top,90.0,110.725000mm,46.710000mm
Q6,118.920000mm,46.710000mm,Top,90.0,118.920000mm,46.710000mm
Q7,18.725000mm,40.275000mm,Top,90.0,18.725000mm,40.275000mm
R1,52.225000mm,46.775000mm,Top,-90.0,52.225000mm,46.775000mm
R4,109.225000mm,91.725001mm,Top,90.0,109.225000mm,91.725001mm
R5,65.725000mm,59.075000mm,Top,90.0,65.725000mm,59.075000mm
R6,67.725000mm,59.075000mm,Top,90.0,67.725000mm,59.075000mm
R7,57.725000mm,59.275000mm,Top,180.0,57.725000mm,59.275000mm
R8,57.725000mm,62.275000mm,Top,180.0,57.725000mm,62.275000mm
R9,57.725000mm,65.275000mm,Top,180.0,57.725000mm,65.275000mm
R10,61.225000mm,59.275000mm,Top,180.0,61.225000mm,59.275000mm
R11,61.225000mm,62.275000mm,Top,180.0,61.225000mm,62.275000mm
R12,61.225000mm,65.275000mm,Top,180.0,61.225000mm,65.275000mm
R15,18.725000mm,44.275000mm,Top,180.0,18.725000mm,44.275000mm
R54,15.725000mm,40.275000mm,Top,90.0,15.725000mm,40.275000mm
U3,85.225000mm,58.275000mm,Top,180.0,85.225000mm,58.275000mm
U4,106.225000mm,58.275000mm,Top,180.0,106.225000mm,58.275000mm
U5,99.725000mm,58.275000mm,Top,180.0,99.725000mm,58.275000mm
U6,92.590000mm,58.275000mm,Top,180.0,92.590000mm,58.275000mm
U7,113.630000mm,58.275000mm,Top,180.0,113.630000mm,58.275000mm
U8,123.225000mm,59.275000mm,Top,0.0,123.225000mm,59.275000mm
U9,77.725000mm,58.275000mm,Top,180.0,77.725000mm,58.275000mm
U10,17.725000mm,30.935000mm,Top,-90.0,17.725000mm,30.935000mm
U11,138.225000mm,86.775000mm,Top,180.0,138.225000mm,86.775000mm
