Ref,Val,Package,PosX,PosY,Rot,Side
"D1","B5819W","SOD-123",86.725000,56.125000,-90.000000,bottom
"D2","B5819W","SOD-123",84.225000,56.125000,-90.000000,bottom
"D3","B5819W","SOD-123",78.725000,56.125000,-90.000000,bottom
"D4","B5819W","SOD-123",76.225000,56.275000,-90.000000,bottom
"F5","50mA","Fuse_0603_1608Metric",77.725000,52.775000,0.000000,bottom
"F6","50mA","Fuse_0603_1608Metric",86.225000,52.775000,0.000000,bottom
"F7","50mA","Fuse_0603_1608Metric",94.225000,52.775000,0.000000,bottom
"F8","50mA","Fuse_0603_1608Metric",102.725000,52.775000,0.000000,bottom
"F9","50mA","Fuse_0603_1608Metric",110.725000,52.775000,0.000000,bottom
"F10","50mA","Fuse_0603_1608Metric",118.725000,52.775000,0.000000,bottom
"R2","33k","R0603",126.225000,42.775000,180.000000,bottom
"R3","6.8k","R0603",126.225000,44.275000,0.000000,bottom
"R13","4.7k","R0603",110.225000,60.275000,-90.000000,bottom
"R14","4.7k","R0603",107.225000,60.275000,-90.000000,bottom
"R16","4.7k","R0603",84.725000,60.275000,-90.000000,bottom
"R17","22","R0603",77.725000,50.775000,180.000000,bottom
"R18","22","R0603",86.225000,50.775000,180.000000,bottom
"R19","22","R0603",94.225000,50.775000,180.000000,bottom
"R20","0","R_2512_6332Metric",78.225000,45.812500,-90.000000,bottom
"R21","0","R_2512_6332Metric",86.225000,45.737500,-90.000000,bottom
"R22","0","R_2512_6332Metric",94.225000,45.775000,-90.000000,bottom
"R23","22","R0603",102.725000,50.775000,180.000000,bottom
"R24","22","R0603",110.725000,50.775000,180.000000,bottom
"R25","22","R0603",118.725000,50.775000,180.000000,bottom
"R26","0","R_2512_6332Metric",102.725000,45.775000,-90.000000,bottom
"R27","0","R_2512_6332Metric",110.725000,45.775000,-90.000000,bottom
"R28","0","R_2512_6332Metric",118.920000,45.775000,-90.000000,bottom
"R29","4.7k","R0603",102.725000,60.275000,-90.000000,bottom
"R30","4.7k","R0603",96.725000,60.275000,-90.000000,bottom
"R31","4.7k","R0603",90.725000,60.275000,-90.000000,bottom
"R32","4.7k","R0603",99.725000,60.275000,-90.000000,bottom
"R33","4.7k","R0603",93.725000,60.275000,-90.000000,bottom
"R34","4.7k","R0603",87.725000,60.275000,-90.000000,bottom
"R35","4.7k","R0603",105.725000,60.275000,-90.000000,bottom
"R36","4.7k","R0603",108.725000,60.275000,-90.000000,bottom
"R37","4.7k","R0603",78.725000,60.275000,-90.000000,bottom
"R38","4.7k","R0603",81.725000,60.275000,-90.000000,bottom
"R39","4.7k","R0603",75.725000,60.275000,-90.000000,bottom
"R40","4.7k","R0603",139.225000,92.775000,-90.000000,bottom
"R41","4.7k","R0603",136.225000,92.775000,-90.000000,bottom
"R42","4.7k","R0603",80.225000,60.275000,-90.000000,bottom
"R43","4.7k","R0603",77.225000,60.275000,-90.000000,bottom
"R44","4.7k","R0603",86.225000,60.275000,-90.000000,bottom
"R45","4.7k","R0603",83.225000,60.275000,-90.000000,bottom
"R46","4.7k","R0603",104.225000,60.275000,-90.000000,bottom
"R47","4.7k","R0603",101.225000,60.275000,-90.000000,bottom
"R48","4.7k","R0603",98.225000,60.275000,-90.000000,bottom
"R49","4.7k","R0603",95.225000,60.275000,-90.000000,bottom
"R50","4.7k","R0603",92.225000,60.275000,-90.000000,bottom
"R51","4.7k","R0603",89.225000,60.275000,-90.000000,bottom
"R52","4.7k","R0603",140.725000,92.775000,-90.000000,bottom
"R53","4.7k","R0603",137.725000,92.775000,-90.000000,bottom
"C28","10n","C0603",123.934999,46.275000,180.000000,top
"C29","100n","C0603",126.225000,53.775000,0.000000,top
"C30","10n","C0603",126.015001,47.275000,0.000000,top
"C31","100n","C0603",127.225000,57.775000,-90.000000,top
"C32","1u","C0603",128.725000,57.775000,-90.000000,top
"D5","SS34","D_SMA",9.725000,33.775000,-90.000000,top
"D6","NUP2105L","SOT-23",126.225000,50.775000,90.000000,top
"F1","12H1500D","PAD-1206-PAD",131.225000,44.275000,90.000000,top
"F2","12H1500D","PAD-1206-PAD",128.725000,44.275000,90.000000,top
"F3","12H1500D","PAD-1206-PAD",46.225000,65.775000,0.000000,top
"J21","Conn_01x05_Male","Molex_SPOX_5267-05A_1x05_P2.50mm_Vertical",126.725000,102.425000,180.000000,top
"J22","USB_B_Mini","USB-MINI-B-VERTICAL",110.225000,100.425000,-90.000000,top
"L1","470R@100MHz","L_0603_1608Metric",125.725000,42.775000,90.000000,top
"L2","470R@100MHz","L_0603_1608Metric",123.725000,42.775000,90.000000,top
"M1","Module-power_12and5V-0.3","power_12and5V",128.224998,88.875003,180.000000,top
"M2","Module-knock-0.2","knock",43.700000,41.249999,0.000000,top
"M3","Module-vr-discrete-0.5","vr-discrete",74.000000,41.300000,90.000000,top
"M4","Module-vr-max9924-0.1","vr-max9924",63.825000,41.112500,90.000000,top
"M5","Module-wbo-0.5","wbo",25.300000,68.500000,-90.000000,top
"M6","Module:mega-mcu100/0.3","mega-mcu100",72.349995,68.899995,0.000000,top
"M7","Module-can-0.1","can",126.287498,97.193337,180.000000,top
"M8","Module-motor-driver-0.1","motor-driver",40.850000,60.550000,-90.000000,top
"P1","368255-2","368255-2",12.923000,75.882000,0.000000,top
"Q1","ISL9V3040D3ST","TO-252-2",77.945000,46.710000,-90.000000,top
"Q2","ISL9V3040D3ST","TO-252-2",86.140000,46.710000,-90.000000,top
"Q3","ISL9V3040D3ST","TO-252-2",94.335000,46.710000,-90.000000,top
"Q4","ISL9V3040D3ST","TO-252-2",102.530000,46.710000,-90.000000,top
"Q5","ISL9V3040D3ST","TO-252-2",110.725000,46.710000,-90.000000,top
"Q6","ISL9V3040D3ST","TO-252-2",118.920000,46.710000,-90.000000,top
"Q7","AO3400A","SOT-23",18.725000,40.275000,-90.000000,top
"R1","4.7k","R0603",52.225000,46.775000,-90.000000,top
"R4","Jumper-Pad-Pad","PAD-0805-PAD",109.225000,91.725001,90.000000,top
"R5","0","R0603",65.725000,59.075000,90.000000,top
"R6","0","R0603",67.725000,59.075000,90.000000,top
"R7","DNP","R0805",57.725000,59.275000,180.000000,top
"R8","DNP","R0805",57.725000,62.275000,180.000000,top
"R9","DNP","R0805",57.725000,65.275000,180.000000,top
"R10","10k","R0805",61.225000,59.275000,180.000000,top
"R11","10k","R0805",61.225000,62.275000,180.000000,top
"R12","10k","R0805",61.225000,65.275000,180.000000,top
"R15","4.7k","R0603",18.725000,44.275000,180.000000,top
"R54","1k","R0603",15.725000,40.275000,90.000000,top
"U3","VNLD5160TR-E","SOIC-8_3.9x4.9mm_P1.27mm",85.225000,58.275000,-90.000000,top
"U4","VNLD5160TR-E","SOIC-8_3.9x4.9mm_P1.27mm",106.225000,58.275000,-90.000000,top
"U5","VNLD5160TR-E","SOIC-8_3.9x4.9mm_P1.27mm",99.725000,58.275000,-90.000000,top
"U6","VNLD5160TR-E","SOIC-8_3.9x4.9mm_P1.27mm",92.590000,58.275000,-90.000000,top
"U7","VNLD5160TR-E","SOIC-8_3.9x4.9mm_P1.27mm",113.630000,58.275000,-90.000000,top
"U8","MAX31855KASA","SOIC-8_3.9x4.9mm_P1.27mm",123.225000,59.275000,90.000000,top
"U9","VNLD5160TR-E","SOIC-8_3.9x4.9mm_P1.27mm",77.725000,58.275000,-90.000000,top
"U10","BTS6143D","TO-252-4",17.725000,30.935000,-90.000000,top
"U11","VNLD5160TR-E","SOIC-8_3.9x4.9mm_P1.27mm",138.225000,86.775000,-90.000000,top
