Designator,Mid X,Mid Y,Layer,Rotation
D1,-75.3mm,61.025mm,Bottom,90.0
D2,-77.8mm,61.025mm,Bottom,90.0
D3,-83.3mm,61.025mm,Bottom,90.0
D4,-85.8mm,60.875mm,Bottom,90.0
F5,-84.3mm,64.375mm,Bottom,180.0
F6,-75.8mm,64.375mm,Bottom,180.0
F7,-67.8mm,64.375mm,Bottom,180.0
F8,-59.3mm,64.375mm,Bottom,180.0
F9,-51.3mm,64.375mm,Bottom,180.0
F10,-43.3mm,64.375mm,Bottom,180.0
R2,-35.8mm,74.375mm,Bottom,0.0
R3,-35.8mm,72.875mm,Bottom,180.0
R13,-51.8mm,56.875mm,Bottom,90.0
R14,-54.8mm,56.875mm,Bottom,90.0
R16,-77.3mm,56.875mm,Bottom,90.0
R17,-84.3mm,66.375mm,Bottom,0.0
R18,-75.8mm,66.375mm,Bottom,0.0
R19,-67.8mm,66.375mm,Bottom,0.0
R20,-83.8mm,71.3375mm,Bottom,90.0
R21,-75.8mm,71.4125mm,Bottom,90.0
R22,-67.8mm,71.375mm,Bottom,90.0
R23,-59.3mm,66.375mm,Bottom,0.0
R24,-51.3mm,66.375mm,Bottom,0.0
R25,-43.3mm,66.375mm,Bottom,0.0
R26,-59.3mm,71.375mm,Bottom,90.0
R27,-51.3mm,71.375mm,Bottom,90.0
R28,-43.105mm,71.375mm,Bottom,90.0
R29,-59.3mm,56.875mm,Bottom,90.0
R30,-65.3mm,56.875mm,Bottom,90.0
R31,-71.3mm,56.875mm,Bottom,90.0
R32,-62.3mm,56.875mm,Bottom,90.0
R33,-68.3mm,56.875mm,Bottom,90.0
R34,-74.3mm,56.875mm,Bottom,90.0
R35,-56.3mm,56.875mm,Bottom,90.0
R36,-53.3mm,56.875mm,Bottom,90.0
R37,-83.3mm,56.875mm,Bottom,90.0
R38,-80.3mm,56.875mm,Bottom,90.0
R39,-86.3mm,56.875mm,Bottom,90.0
R40,-22.8mm,24.375mm,Bottom,90.0
R41,-25.8mm,24.375mm,Bottom,90.0
R42,-81.8mm,56.875mm,Bottom,90.0
R43,-84.8mm,56.875mm,Bottom,90.0
R44,-75.8mm,56.875mm,Bottom,90.0
R45,-78.8mm,56.875mm,Bottom,90.0
R46,-57.8mm,56.875mm,Bottom,90.0
R47,-60.8mm,56.875mm,Bottom,90.0
R48,-63.8mm,56.875mm,Bottom,90.0
R49,-66.8mm,56.875mm,Bottom,90.0
R50,-69.8mm,56.875mm,Bottom,90.0
R51,-72.8mm,56.875mm,Bottom,90.0
R52,-21.3mm,24.375mm,Bottom,90.0
R53,-24.3mm,24.375mm,Bottom,90.0
C28,38.090001mm,70.875mm,Top,0.0
C29,35.8mm,63.375mm,Top,180.0
C30,36.009999mm,69.875mm,Top,180.0
C31,34.8mm,59.375mm,Top,90.0
C32,33.3mm,59.375mm,Top,90.0
D5,152.3mm,83.375mm,Top,90.0
D6,35.8mm,66.375mm,Top,90.0
F1,30.8mm,72.875mm,Top,270.0
F2,33.3mm,72.875mm,Top,270.0
F3,115.8mm,51.375mm,Top,180.0
J21,35.3mm,14.725mm,Top,0.0
J22,51.8mm,16.725mm,Top,90.0
L1,36.3mm,74.375mm,Top,270.0
L2,38.3mm,74.375mm,Top,270.0
P1,149.102mm,41.268mm,Top,180.0
Q1,84.08mm,70.44mm,Top,270.0
Q2,75.885mm,70.44mm,Top,270.0
Q3,67.69mm,70.44mm,Top,270.0
Q4,59.495mm,70.44mm,Top,270.0
Q5,51.3mm,70.44mm,Top,270.0
Q6,43.105mm,70.44mm,Top,270.0
Q7,143.3mm,76.875mm,Top,270.0
R1,109.8mm,70.375mm,Top,90.0
R4,52.8mm,25.424999mm,Top,270.0
R5,96.3mm,58.075mm,Top,270.0
R6,94.3mm,58.075mm,Top,270.0
R7,104.3mm,57.875mm,Top,0.0
R8,104.3mm,54.875mm,Top,0.0
R9,104.3mm,51.875mm,Top,0.0
R10,100.8mm,57.875mm,Top,0.0
R11,100.8mm,54.875mm,Top,0.0
R12,100.8mm,51.875mm,Top,0.0
R15,143.3mm,72.875mm,Top,0.0
R54,146.3mm,76.875mm,Top,270.0
U3,76.8mm,58.875mm,Top,0.0
U4,55.8mm,58.875mm,Top,0.0
U5,62.3mm,58.875mm,Top,0.0
U6,69.435mm,58.875mm,Top,0.0
U7,48.395mm,58.875mm,Top,0.0
U8,38.8mm,57.875mm,Top,180.0
U9,84.3mm,58.875mm,Top,0.0
U10,144.3mm,86.215mm,Top,90.0
U11,23.8mm,30.375mm,Top,0.0
C821,119.965mm,61.910008000000005mm,Bottom,270.0
C822,118.16499999999999mm,61.910008000000005mm,Bottom,270.0
C823,116.365mm,61.910008000000005mm,Bottom,270.0
C824,114.565mm,61.910008000000005mm,Bottom,270.0
C825,112.765mm,61.910008000000005mm,Bottom,270.0
C826,119.965mm,65.710008mm,Bottom,90.0
C827,118.16499999999999mm,65.710008mm,Bottom,90.0
C828,116.365mm,65.710008mm,Bottom,90.0
C829,114.565mm,65.710008mm,Bottom,90.0
C830,112.765mm,65.710008mm,Bottom,90.0
C831,118.66499999999999mm,57.410000000000004mm,Bottom,0.0
C832,118.66499999999999mm,58.910000000000004mm,Bottom,0.0
C833,119.19mm,68.610008mm,Bottom,0.0
R821,115.66499999999999mm,58.910000000000004mm,Bottom,180.0
R822,112.66499999999999mm,58.910000000000004mm,Bottom,0.0
U821,116.365mm,63.810008mm,Top,90.0
R430,37.687502mm,24.506663mm,Top,180.0
C431,45.337502mm,21.056663mm,Top,0.0
C430,41.637502mm,21.056663mm,Top,180.0
U430,42.957502mm,24.306663mm,Top,90.0
D430,37.687502mm,22.086662999999998mm,Top,90.0
R148,77.875005mm,14.050004999999999mm,Bottom,0.0
R142,76.475005mm,13.150005mm,Bottom,0.0
U108,60.294805mm,46.241005mm,Top,180.0
VD103,57.475004999999996mm,41.655005mm,Bottom,90.0
U101,85.525005mm,16.803605mm,Top,90.0
C119,77.874905mm,21.530605mm,Bottom,180.0
R147,68.863405mm,13.733705mm,Bottom,180.0
R146,88.541105mm,15.150005mm,Bottom,90.0
R141,75.475005mm,13.150005mm,Bottom,0.0
U102,80.418505mm,18.521505mm,Bottom,0.0
R109,80.358705mm,19.117205000000002mm,Top,0.0
R108,83.275005mm,19.506005000000002mm,Bottom,0.0
Q103,79.632205mm,17.053205000000002mm,Top,0.0
Q102,75.080005mm,14.450005000000004mm,Top,0.0
Q101,80.802505mm,14.215005000000005mm,Bottom,180.0
Q100,84.175005mm,16.855005000000002mm,Bottom,90.0
L100,74.275605mm,32.900005mm,Bottom,0.0
F100,72.420005mm,14.221605000000004mm,Bottom,0.0
C120,76.174905mm,33.050505mm,Top,180.0
C107,81.296505mm,16.450005mm,Bottom,180.0
C106,81.271505mm,20.793105mm,Bottom,180.0
U110,81.72190499999999mm,22.845105mm,Bottom,90.0
R145,81.682805mm,25.805305mm,Bottom,180.0
R144,81.682805mm,24.859805mm,Bottom,180.0
R143,88.278205mm,37.018805mm,Bottom,90.0
R107,79.561105mm,14.871605000000002mm,Top,180.0
D108,79.921905mm,13.500005000000002mm,Top,0.0
U107,58.568505mm,37.046105mm,Bottom,180.0
U106,57.882605mm,23.618205000000003mm,Top,180.0
C134,58.568505mm,38.782405000000004mm,Bottom,180.0
C126,57.579805mm,21.674905000000003mm,Top,0.0
VD102,60.828805mm,41.655005mm,Bottom,90.0
VD101,57.475004999999996mm,46.045005mm,Bottom,270.0
VD100,60.828805mm,46.045005mm,Bottom,270.0
U109,60.294805mm,43.766005mm,Top,180.0
U103,83.175005mm,30.425005000000002mm,Bottom,90.0
U100,85.574905mm,23.749505000000003mm,Top,270.0
U195,78.375005mm,37.900005mm,Top,270.0
U190,64.175005mm,37.900005mm,Top,270.0
U185,85.475005mm,37.900005mm,Top,270.0
U180,71.275005mm,37.900005mm,Top,270.0
S101,69.47530499999999mm,14.635705000000002mm,Top,180.0
S100,58.328505mm,27.750005mm,Top,270.0
R140,64.374905mm,43.950005000000004mm,Bottom,180.0
R111,88.175005mm,32.600005mm,Bottom,0.0
R112,88.175005mm,31.550005000000002mm,Bottom,0.0
R117,88.175005mm,26.300005000000002mm,Bottom,0.0
R115,88.175005mm,28.400005mm,Bottom,0.0
R116,88.175005mm,27.350005000000003mm,Bottom,0.0
R114,88.175005mm,29.450005mm,Bottom,0.0
R113,88.175005mm,30.500005mm,Bottom,0.0
R110,88.175005mm,33.650005mm,Bottom,0.0
R120,57.856705mm,20.463005000000003mm,Top,180.0
R100,88.47490499999999mm,23.750005mm,Bottom,270.0
R258,67.717305mm,44.455105mm,Bottom,90.0
R255,88.525005mm,46.350005mm,Bottom,90.0
R256,66.775005mm,41.750005mm,Bottom,270.0
R254,88.625005mm,43.900005mm,Top,90.0
R245,71.074905mm,45.400005mm,Bottom,180.0
R227,75.875005mm,45.400005mm,Bottom,180.0
R200,85.47490499999999mm,45.400005mm,Bottom,180.0
R197,78.374905mm,36.550005mm,Bottom,0.0
R196,78.375005mm,39.350005mm,Bottom,180.0
R195,75.524905mm,39.850005mm,Bottom,90.0
R191,64.275005mm,36.550005mm,Bottom,0.0
R190,64.275005mm,39.350005mm,Bottom,180.0
R186,85.475005mm,36.550005mm,Bottom,0.0
R185,85.475005mm,39.350005mm,Bottom,180.0
R181,71.275005mm,36.550005mm,Bottom,0.0
R180,71.275005mm,39.350005mm,Bottom,180.0
R139,63.175005mm,46.450005000000004mm,Top,90.0
R138,64.375005mm,46.450005000000004mm,Top,90.0
R137,65.575005mm,46.450005000000004mm,Top,90.0
R136,66.775005mm,46.450005000000004mm,Top,90.0
R135,63.175005mm,45.450005000000004mm,Top,270.0
R132,64.375005mm,45.450005000000004mm,Top,270.0
R126,65.575005mm,45.450005000000004mm,Top,270.0
R124,66.775005mm,45.450005000000004mm,Top,270.0
R119,87.575005mm,32.550005mm,Top,270.0
R118,87.575005mm,28.450005mm,Top,270.0
R253,69.175005mm,46.450005000000004mm,Top,270.0
R252,70.375005mm,46.450005000000004mm,Top,270.0
R251,71.575005mm,46.450005000000004mm,Top,270.0
R250,72.775005mm,46.450005000000004mm,Top,270.0
R249,69.175005mm,45.450005000000004mm,Top,90.0
R248,70.375005mm,45.450005000000004mm,Top,90.0
R247,71.575005mm,45.450005000000004mm,Top,90.0
R246,72.775005mm,45.450005000000004mm,Top,90.0
R235,73.975005mm,46.450005000000004mm,Top,270.0
R234,75.175005mm,46.450005000000004mm,Top,270.0
R233,76.375005mm,46.450005000000004mm,Top,270.0
R232,77.575005mm,46.450005000000004mm,Top,270.0
R231,73.975005mm,45.450005000000004mm,Top,90.0
R230,75.175005mm,45.450005000000004mm,Top,90.0
R229,76.375005mm,45.450005000000004mm,Top,90.0
R228,77.575005mm,45.450005000000004mm,Top,90.0
R226,78.775005mm,46.450005000000004mm,Top,90.0
R225,79.975005mm,46.450005000000004mm,Top,90.0
R224,81.175005mm,46.450005000000004mm,Top,90.0
R223,82.375005mm,46.450005000000004mm,Top,90.0
R222,78.775005mm,45.450005000000004mm,Top,270.0
R221,79.975005mm,45.450005000000004mm,Top,270.0
R220,81.175005mm,45.450005000000004mm,Top,270.0
R219,82.375005mm,45.450005000000004mm,Top,270.0
R218,80.675005mm,45.400005mm,Bottom,180.0
R208,83.575005mm,46.450005000000004mm,Top,90.0
R207,84.775005mm,46.450005000000004mm,Top,90.0
R206,85.975005mm,46.450005000000004mm,Top,90.0
R205,87.175005mm,46.450005000000004mm,Top,90.0
R204,83.575005mm,45.450005000000004mm,Top,270.0
R203,84.775005mm,45.450005000000004mm,Top,270.0
R202,85.975005mm,45.450005000000004mm,Top,270.0
R201,87.175005mm,45.450005000000004mm,Top,270.0
P106,66.275005mm,34.500005mm,Top,90.0
P105,73.895005mm,34.500005mm,Top,90.0
P104,69.885005mm,34.500005mm,Top,90.0
P201,67.925005mm,45.950005000000004mm,Top,270.0
P200,88.475005mm,47.450005000000004mm,Top,270.0
J100,62.725004999999996mm,24.650005mm,Bottom,270.0
D100,85.075005mm,24.457705mm,Bottom,0.0
D205,58.478505mm,39.193605000000005mm,Top,270.0
D206,70.975005mm,42.650005mm,Top,0.0
D203,75.775005mm,42.650005mm,Top,0.0
D200,85.375005mm,42.650005mm,Top,0.0
D116,84.038905mm,33.850505mm,Top,0.0
D115,79.800605mm,33.850505mm,Top,0.0
D114,84.038905mm,31.917105000000003mm,Top,0.0
D113,79.800605mm,31.917105000000003mm,Top,0.0
D112,84.038905mm,29.983805mm,Top,0.0
D111,79.800605mm,29.983805mm,Top,0.0
D110,84.038905mm,28.050505mm,Top,0.0
D109,79.921905mm,27.911105000000003mm,Top,0.0
D202,80.575005mm,42.650005mm,Top,0.0
C143,66.775005mm,43.550005mm,Top,90.0
C144,65.575005mm,43.550005mm,Top,270.0
C145,64.375005mm,43.550005mm,Top,90.0
C146,63.175005mm,43.550005mm,Top,90.0
C112,77.862805mm,34.164705mm,Bottom,180.0
C111,88.175005mm,34.650005mm,Bottom,0.0
C123,62.575005mm,16.025005mm,Bottom,180.0
C105,84.375005mm,22.250005mm,Bottom,180.0
C100,86.94750499999999mm,22.250005mm,Bottom,0.0
C229,66.775005mm,44.455105mm,Bottom,270.0
C224,88.625005mm,45.850005mm,Top,270.0
C223,88.625005mm,41.600005mm,Top,270.0
C222,88.575005mm,44.550005mm,Bottom,90.0
C221,68.352305mm,41.777205mm,Top,90.0
C220,68.459705mm,41.750005mm,Bottom,90.0
C225,72.974905mm,42.700005000000004mm,Bottom,90.0
C226,71.875005mm,42.700005000000004mm,Bottom,90.0
C227,69.724905mm,42.700005000000004mm,Bottom,90.0
C228,68.659705mm,45.455105mm,Bottom,270.0
C212,77.774905mm,42.700005000000004mm,Bottom,90.0
C213,76.675005mm,42.700005000000004mm,Bottom,90.0
C214,74.524905mm,42.700005000000004mm,Bottom,90.0
C215,73.480605mm,45.455105mm,Bottom,270.0
C200,87.374905mm,42.700005000000004mm,Bottom,90.0
C201,86.275005mm,42.700005000000004mm,Bottom,90.0
C202,84.124905mm,42.700005000000004mm,Bottom,90.0
C203,83.084505mm,45.455105mm,Bottom,270.0
C195,75.524905mm,37.250005mm,Bottom,90.0
C190,61.425005mm,37.400005mm,Bottom,90.0
C185,82.625005mm,37.250005mm,Bottom,90.0
C180,68.425005mm,37.250005mm,Bottom,90.0
C142,63.175005mm,46.450005000000004mm,Bottom,90.0
C141,64.375005mm,46.450005000000004mm,Bottom,90.0
C139,65.574905mm,46.450005000000004mm,Bottom,270.0
C135,66.775005mm,46.450005000000004mm,Bottom,90.0
C211,78.266905mm,45.455105mm,Bottom,270.0
C210,79.324905mm,42.700005000000004mm,Bottom,90.0
C209,81.475005mm,42.700005000000004mm,Bottom,90.0
C208,82.574905mm,42.700005000000004mm,Bottom,90.0
C147,71.825005mm,29.041305mm,Bottom,0.0
F101,86.875005mm,15.852805000000004mm,Bottom,270.0
R134,77.625005mm,16.350005000000003mm,Bottom,180.0
R133,77.625005mm,15.175004999999999mm,Bottom,180.0
C133,77.475005mm,18.460005000000002mm,Bottom,270.0
R131,70.679005mm,33.106205mm,Bottom,0.0
R130,77.374905mm,27.925005000000002mm,Bottom,270.0
R129,77.374905mm,31.800005000000002mm,Bottom,270.0
Y101,75.087605mm,20.032605mm,Bottom,180.0
C116,74.146405mm,21.521405mm,Bottom,0.0
C115,76.010605mm,21.507705mm,Bottom,180.0
C124,71.825005mm,30.181105000000002mm,Bottom,180.0
R121,62.149604999999994mm,13.673005000000003mm,Bottom,0.0
R106,68.325005mm,15.525005mm,Bottom,180.0
J101,62.975004999999996mm,14.800004999999999mm,Top,0.0
C108,75.875005mm,18.450005mm,Bottom,180.0
R105,57.925905mm,31.068905mm,Top,180.0
R104,58.125905mm,32.258905mm,Top,180.0
R103,57.925905mm,33.368905mm,Top,180.0
R125,57.375005mm,44.930005mm,Top,90.0
C104,83.525005mm,13.850005000000003mm,Bottom,270.0
C137,76.179805mm,34.141505mm,Top,180.0
D101,86.745505mm,19.605505mm,Bottom,0.0
C101,59.783405mm,13.673005000000003mm,Bottom,0.0
R102,87.94750499999999mm,21.175505mm,Bottom,0.0
R101,77.374905mm,24.050005000000002mm,Bottom,90.0
D102,58.075005mm,15.050004999999999mm,Top,270.0
Y102,72.431205mm,25.063505000000003mm,Bottom,270.0
R122,58.075005mm,35.250005mm,Bottom,180.0
R123,60.365205mm,37.274105000000006mm,Bottom,90.0
R127,72.275005mm,19.350005000000003mm,Bottom,0.0
R128,68.597205mm,33.106205mm,Bottom,0.0
D106,79.921905mm,20.485105mm,Top,0.0
D105,79.921905mm,22.285105mm,Top,0.0
D107,73.770005mm,16.760505000000002mm,Bottom,0.0
D104,79.921905mm,24.085105000000002mm,Top,0.0
D103,79.921905mm,25.885105000000003mm,Top,0.0
C140,72.275005mm,20.450005mm,Bottom,180.0
C132,74.707505mm,24.074905mm,Bottom,270.0
C136,74.707505mm,26.150105mm,Bottom,90.0
C127,64.075005mm,33.106205mm,Bottom,180.0
C138,88.541105mm,17.077805mm,Bottom,270.0
C130,74.05750499999999mm,31.196505000000002mm,Bottom,180.0
C131,64.075005mm,34.250005mm,Bottom,180.0
C122,74.05750499999999mm,29.041305mm,Bottom,0.0
C114,58.206705mm,19.250005mm,Top,180.0
C103,84.575005mm,13.850005000000003mm,Bottom,270.0
C113,58.206705mm,18.050005000000002mm,Top,0.0
C102,84.375005mm,21.175505mm,Bottom,0.0
U105,68.665605mm,25.200005mm,Top,90.0
C601,133.025mm,57.75mm,Bottom,0.0
C602,133.025mm,56.8mm,Bottom,0.0
C603,135.225mm,56.8mm,Bottom,180.0
C604,133.025mm,55.85mm,Bottom,0.0
C605,134.683332mm,69.675mm,Bottom,90.0
C606,135.225mm,55.85mm,Bottom,0.0
C607,130.79999999999998mm,73.35mm,Bottom,90.0
C608,124.55mm,56.074999999999996mm,Bottom,270.0
C617,127.20037199999999mm,50.25mm,Bottom,0.0
C618,132.79999999999998mm,52.674936mm,Bottom,90.0
D604,134.975mm,52.275mm,Bottom,270.0
R602,129.92499999999998mm,64.575mm,Bottom,270.0
R603,127.925mm,63.8mm,Bottom,90.0
R604,135.225mm,57.75mm,Bottom,180.0
R605,128.92499999999998mm,63.775mm,Bottom,270.0
R606,129.65mm,72.375mm,Bottom,270.0
R607,135.75mm,69.675mm,Bottom,270.0
R608,128.92499999999998mm,65.675mm,Bottom,90.0
R609,124.57499999999999mm,58.675mm,Bottom,270.0
R610,132.17499999999998mm,67.75mm,Bottom,270.0
R611,132.17499999999998mm,69.675mm,Bottom,270.0
R612,133.441666mm,69.675mm,Bottom,90.0
R613,126.27499999999999mm,59.65mm,Bottom,180.0
R614,125.5mm,56.070709mm,Bottom,90.0
R615,125.975mm,58.125mm,Bottom,90.0
R616,126.0mm,73.325mm,Bottom,270.0
R618,127.925mm,61.05mm,Bottom,270.0
R619,128.92499999999998mm,61.875mm,Bottom,270.0
R620,129.92499999999998mm,61.875mm,Bottom,90.0
R621,125.065mm,50.25mm,Bottom,0.0
R622,126.0mm,71.375mm,Bottom,90.0
R623,129.92499999999998mm,60.0mm,Bottom,270.0
R624,123.6mm,56.074999999999996mm,Bottom,90.0
R629,129.211348mm,50.26mm,Bottom,180.0
R630,126.485mm,65.09mm,Bottom,270.0
U600,133.475mm,62.3mm,Bottom,0.0
U601,124.55mm,52.949999999999996mm,Bottom,90.0
U605,129.275372mm,54.449999999999996mm,Bottom,270.0
C600,134.85mm,64.5375mm,Top,0.0
C609,133.42499999999998mm,56.225mm,Top,0.0
C610,126.875mm,50.827mm,Top,90.0
C611,128.775mm,65.65mm,Top,0.0
C612,126.875mm,65.65mm,Top,180.0
C613,131.4mm,51.725mm,Top,90.0
C614,130.9mm,65.65mm,Top,180.0
C615,124.1mm,55.55mm,Top,180.0
C616,128.9375mm,53.875mm,Top,0.0
D600,134.0mm,74.25mm,Top,180.0
D601,135.325mm,61.474999999999994mm,Top,270.0
D602,135.325mm,58.5mm,Top,90.0
D603,124.49499999999999mm,53.967549999999996mm,Top,0.0
Q600,130.775mm,69.81mm,Top,180.0
Q601,124.1mm,69.9mm,Top,270.0
R600,132.95mm,65.6mm,Top,0.0
R601,134.85mm,65.6mm,Top,0.0
R617,124.1mm,64.35mm,Top,180.0
R625,131.42499999999998mm,53.699999999999996mm,Top,90.0
R626,134.85mm,63.474999999999994mm,Top,0.0
R627,135.29999999999998mm,56.35mm,Top,0.0
R628,126.875mm,53.475mm,Top,270.0
U602,128.625mm,60.0mm,Top,180.0
U603,124.625mm,51.375mm,Top,0.0
U604,129.1mm,51.425mm,Top,90.0
C771,103.7mm,67.9375mm,Top,180.0
C772,103.0mm,63.037499999999994mm,Top,90.0
C773,104.347905mm,63.037499999999994mm,Top,90.0
D771,106.2mm,66.13749999999999mm,Top,90.0
R771,100.0mm,72.5375mm,Top,90.0
R772,103.8mm,74.4375mm,Top,180.0
R773,102.4mm,70.83749999999999mm,Top,90.0
R774,104.9mm,70.83749999999999mm,Top,90.0
R775,103.7mm,66.63749999999999mm,Top,180.0
R776,106.15mm,63.037499999999994mm,Top,90.0
R777,103.7mm,65.13749999999999mm,Top,180.0
U771,100.5mm,65.2375mm,Top,270.0
C752,92.875mm,62.099999999999994mm,Bottom,90.0
C753,90.95mm,62.12499999999999mm,Bottom,270.0
C755,96.075mm,64.125mm,Bottom,270.0
C756,96.075mm,66.25999999999999mm,Bottom,270.0
C757,95.125mm,66.25999999999999mm,Bottom,270.0
C760,89.375mm,71.44999999999999mm,Bottom,180.0
C761,96.965mm,74.39999999999999mm,Bottom,90.0
C762,91.210389mm,71.45356299999999mm,Bottom,0.0
C764,96.075mm,62.30499999999999mm,Bottom,90.0
C766,97.00500000000001mm,62.254999999999995mm,Bottom,90.0
R752,91.32400000000001mm,73.69074699999999mm,Bottom,270.0
R753,89.4mm,73.69074699999999mm,Bottom,90.0
R754,95.125mm,62.199999999999996mm,Bottom,90.0
R757,94.17500000000001mm,62.24999999999999mm,Bottom,270.0
R760,91.9mm,62.12499999999999mm,Bottom,270.0
R761,95.125mm,64.07499999999999mm,Bottom,90.0
R762,94.17500000000001mm,64.14999999999999mm,Bottom,90.0
R763,88.86500000000001mm,62.239999999999995mm,Bottom,270.0
R765,97.00500000000001mm,66.25999999999999mm,Bottom,90.0
R766,94.17507300000001mm,66.247085mm,Bottom,90.0
U752,95.775mm,69.25mm,Bottom,270.0
U753,90.92500000000001mm,67.03428299999999mm,Bottom,180.0
U757,94.695784mm,73.35mm,Bottom,270.0
C751,90.275mm,70.27499999999999mm,Top,180.0
C754,89.295mm,66.69999999999999mm,Top,0.0
C758,89.295mm,64.39999999999999mm,Top,180.0
C759,91.28659300000001mm,66.69999999999999mm,Top,0.0
C763,92.525mm,74.39999999999999mm,Top,90.0
C765,94.345mm,71.24mm,Top,270.0
C767,91.28659300000001mm,64.39999999999999mm,Top,0.0
C768,95.595mm,69.00999999999999mm,Top,0.0
C769,91.875mm,61.91mm,Top,90.0
D751,93.765mm,73.96mm,Top,270.0
R751,95.375mm,74.1mm,Top,90.0
R755,91.67500000000001mm,69.75999999999999mm,Top,90.0
R756,88.80000000000001mm,69.80499999999999mm,Top,270.0
R758,90.239215mm,69.05mm,Top,180.0
R759,92.67500000000001mm,69.75999999999999mm,Top,270.0
R764,89.295mm,65.69999999999999mm,Top,0.0
R767,91.28659300000001mm,67.69999999999999mm,Top,180.0
R768,91.28659300000001mm,65.69999999999999mm,Top,0.0
R769,89.295mm,67.69999999999999mm,Top,0.0
R770,92.685mm,71.66mm,Top,270.0
U751,90.35659700000001mm,73.024294mm,Top,90.0
U754,94.97500000000001mm,64.85197mm,Top,180.0
U755,96.265mm,71.03999999999999mm,Top,270.0
U756,89.875mm,62.503204999999994mm,Top,0.0
C474,113.0714mm,74.28500100000001mm,Bottom,90.0
R470,116.72500000000001mm,75.200001mm,Bottom,0.0
U471,111.69mm,74.253001mm,Top,0.0
R474,110.825mm,74.28540100000001mm,Bottom,0.0
R473,112.08460000000001mm,74.750001mm,Bottom,90.0
R472,114.60000000000001mm,75.200001mm,Bottom,0.0
C473,110.72500000000001mm,73.30000100000001mm,Bottom,0.0
C472,110.72500000000001mm,75.150001mm,Bottom,180.0
U470,115.665mm,74.253001mm,Top,0.0
R471,116.72500000000001mm,74.30000100000001mm,Bottom,180.0
C471,116.675mm,73.30000100000001mm,Bottom,180.0
C470,114.55mm,73.30000100000001mm,Bottom,0.0
D415,48.500001999999995mm,46.974997mm,Bottom,270.0
R428,49.484402mm,33.529497mm,Bottom,90.0
R427,36.350001999999996mm,32.174997mm,Bottom,0.0
R426,47.875802mm,32.534897mm,Top,270.0
R425,46.567702mm,39.649997mm,Top,90.0
R424,46.567702mm,41.947097mm,Top,270.0
LED4,34.808102mm,31.286096999999998mm,Top,270.0
LED3,47.875802mm,34.684197mm,Top,90.0
LED2,47.649102mm,39.674997mm,Top,90.0
LED1,47.649102mm,41.922097mm,Top,270.0
R422,40.658401999999995mm,31.174996999999998mm,Bottom,180.0
C426,46.890001999999996mm,36.574996999999996mm,Top,0.0
C425,44.200002mm,36.574996999999996mm,Top,180.0
F410,41.357002mm,44.841797mm,Top,0.0
C415,46.523402mm,30.874997mm,Bottom,0.0
C414,45.548401999999996mm,40.384997mm,Bottom,180.0
U411,44.122202mm,35.524997mm,Bottom,90.0
D410,37.000002mm,44.541797mm,Bottom,180.0
R411,37.098402mm,47.441796999999994mm,Bottom,270.0
D417,39.748402mm,47.674997mm,Bottom,180.0
C410,44.993002mm,45.734997mm,Bottom,180.0
D412,40.650002mm,48.291797mm,Top,180.0
R410,37.873402mm,48.324996999999996mm,Top,0.0
D413,40.650002mm,46.666797mm,Top,180.0
C411,39.723402mm,45.874997mm,Bottom,0.0
R413,39.723402mm,44.341797mm,Bottom,0.0
D414,37.200002mm,45.874997mm,Bottom,0.0
D418,40.930002mm,40.674997mm,Top,0.0
D416,45.801602mm,44.768697mm,Top,180.0
U410,45.398402mm,47.374997mm,Top,180.0
C412,44.993002mm,47.774997mm,Bottom,180.0
C413,43.023402mm,46.937897mm,Top,90.0
D411,37.348402mm,45.866496999999995mm,Top,0.0
U420,38.263402mm,36.766797mm,Bottom,180.0
R420,42.373402mm,45.191897mm,Bottom,90.0
C429,40.558402mm,32.174997mm,Bottom,0.0
C427,41.279702mm,45.376897mm,Bottom,270.0
C428,38.369302mm,32.174997mm,Bottom,180.0
C423,39.196602mm,42.266797mm,Bottom,90.0
C421,40.388202mm,42.266797mm,Bottom,90.0
C422,41.579702mm,42.266797mm,Bottom,90.0
C424,38.000002mm,42.266797mm,Bottom,270.0
R421,41.754702mm,40.504997mm,Bottom,0.0
R423,38.469302mm,31.174996999999998mm,Bottom,180.0
D420,40.000002mm,30.174996999999998mm,Top,0.0
C420,36.950002mm,42.674997mm,Bottom,270.0
L420,44.900002mm,42.574996999999996mm,Bottom,180.0
D421,45.250001999999995mm,32.214197mm,Top,270.0
L421,39.500002mm,34.774997mm,Top,0.0
